Current Crop,Recommended Next Crops,Reason
Wheat,"Legumes (Lentils, Peas, Soybean)","Nitrogen fixation, prevents soil exhaustion"
Rice,"Mustard, Chickpeas","Breaks pest cycles, improves organic matter"
Corn,"Legumes (Beans, Clover)",Reduces nitrogen depletion
Tomatoes,"Onions, Carrots",Avoids soil pathogens from Solanaceae family
Potatoes,"Barley, Cabbage",Reduces nematodes & fungal diseases
Sunflower,"Pulses, Sorghum",Helps balance soil structure
Sugarcane,Green Manure Crops (Dhaincha),Rebuilds soil nutrients
Barley,"Wheat, Legumes","Improves organic matter, maintains soil health"
Soybean,"Maize, Barley","Breaks pest cycles, improves yield"
Cotton,"Pulses, Vegetables",Prevents soil depletion and improves fiber quality
Peas,"Cereals (Wheat, Barley)","Restores nitrogen balance, improves soil fertility"
Mustard,"Wheat, Rice",Enhances soil nutrients for next season
Carrots,Leafy Vegetables,"Reduces soil-borne diseases, improves root health"
Onions,"Carrots, Beans","Improves soil aeration, prevents nematodes"
Lentils,"Wheat, Barley",Helps in soil rejuvenation
Sorghum,"Millets, Legumes",Improves drought resistance and soil quality
Groundnut,"Cereals (Rice, Maize)","Prevents nitrogen depletion, good for next crop"
Chickpeas,"Mustard, Rice","Improves soil organic matter, breaks monocropping cycle"
